<?xml version="1.0" encoding="utf-8"?>
<rss version="2.0" xmlns:atom="http://www.w3.org/2005/Atom" xmlns:itunes="http://www.itunes.com/dtds/podcast-1.0.dtd" xmlns:content="http://purl.org/rss/1.0/modules/content/">
<channel>
	<title>Title</title>
	<description>Description.</description>
	<language>en-us</language>
	<itunes:category text="Category"/>
	<itunes:explicit>false</itunes:explicit>
	<itunes:image href="http://domain.com/artwork.png"/>
	<item>
		<title>Title</title>
		<enclosure url="https://domain.com/episode1.mp3" length="13475901" type="audio/mp3"/>
	</item>
</channel>
</rss>