<?xml version="1.0" encoding="utf-8?">
<powder xmlns="http://www.w3.org/2007/05/powder#" xmlns:foaf="http://xmlns.com/foaf/0.1/" xmlns:rdf="http://www.w3.org/1999/02/22-rdf-syntax-ns#" xmlns:icra="http://www.icra.org/rdfs/vocabulary2008#">
	<attribution>
		<issuedby src="http://authority.domain.com/company.rdf#me" />
		<issued>2022-09-08T13:38:39</issued>
		<certifiedby src="http://independent.website.com?verify=http%3A%2F%2Fdomain.com%2Fpowder.xml" />
	</attribution>
	<ol>
		<dr>
			<iriset>
				<includehosts>domain.com</includehosts>
				<includepathstartswith>/path</includepathstartswith>
			</iriset>
			<descriptorset>
				<icra:nz>1</icra:nz>
				<icra:sz>1</icra:sz>
				<icra:vz>1</icra:vz>
				<icra:lz>1</icra:lz>
				<icra:oz>1</icra:oz>
				<icra:cz>1</icra:cz>
				<displaytext>Description.</displaytext>
			</descriptorset>
		</dr>
	</ol>
</powder>